site link,email,instagram link
https://www.myshopify.com,N/A,N/A
https://www.colourpop.com,https://www.facebook.com/ColourPopCosmetics,http://instagram.com/colourpopcosmetics
https://www.jbhifi.com.au,https://www.facebook.com/JBHiFi,https://www.instagram.com/jbhifi/
https://www.okp.com,N/A,N/A
https://www.jeffreestarcosmetics.com,https://www.facebook.com/JeffreeStar,https://www.instagram.com/jeffreestarcosmetics/
https://www.usatuan.com,N/A,N/A
https://www.fashionnova.com,https://www.facebook.com/FashionNova,http://instagram.com/fashionnova
https://www.spigen.com,https://www.facebook.com/SpigenWorld,https://www.instagram.com/spigenworld/
https://www.giuliofashion.com,https://www.facebook.com/giuliofashion/,https://www.instagram.com/giuliofashion/
https://www.gymshark.com,https://www.facebook.com/GymShark,https://www.instagram.com/gymshark
https://www.cettire.com,https://www.facebook.com/cettire,https://instagram.com/cettire
https://www.mvmtwatches.com,https://www.facebook.com/mvmt,https://www.instagram.com/mvmt/
https://www.thursdayboots.com,https://www.facebook.com/ThursdayBoots/,https://www.instagram.com/thursdayboots/
https://www.beeinspiredclothing.com,https://www.facebook.com/pages/Bee-Inspired-Clothing-Ltd/234162033436488,http://instagram.com/beeinspiredclothing
https://www.aloyoga.com,https://www.facebook.com/aloclothing,https://www.instagram.com/aloyoga/
https://www.reddressboutique.com,https://www.facebook.com/TheRedDressBoutique,https://www.instagram.com/shopreddress/
https://www.allbirds.com,https://www.facebook.com/weareallbirds,https://www.instagram.com/allbirds
https://www.altitude-sports.com,https://www.facebook.com/altitudesports/,https://www.instagram.com/altitudesports/
https://www.stevemadden.com,https://www.facebook.com/SteveMaddenShoes,http://instagram.com/stevemadden
https://www.heysilkyskin.com,N/A,N/A
https://www.cupshe.com,https://business.facebook.com/cupsheofficial/,https://instagram.com/cupshe/
https://www.morphe.com,https://www.facebook.com/MorpheBrushesCosmetics/,//instagram.com/morphebrushes
https://www.outofthesandbox.com,https://facebook.com/ootsb,https://instagram.com/outofthesandboxshopify
https://www.mnml.la,https://facebook.com/mnml.la,https://instagram.com/mnml.la
https://www.thebrick.com,https://www.facebook.com/thebrick,https://www.instagram.com/brickwarehouse/
https://www.sisterjane.com,https://www.facebook.com/dreamsisterjane,https://www.instagram.com/dreamsisterjane/
https://www.pixelunion.net,https://facebook.com/pixelunion,https://instagram.com/pixelunion
https://www.mclabels.com,N/A,N/A
https://www.bellabeat.com,https://www.facebook.com/bellabeat/,//instagram.com/bellabeat
https://www.kingice.com,https://www.facebook.com/OfficialKingIce,https://www.instagram.com/kingice/
https://www.pdpaola.com,https://www.facebook.com/pdpaolajewelry/,https://www.instagram.com/pdpaola_jewelry/
https://www.skinnydiplondon.com,https://www.facebook.com/skinnydiplondon,https://www.instagram.com/skinnydiplondon
https://www.vitalydesign.com,https://www.facebook.com/vitalydesign/,https://www.instagram.com/vitaly/
https://www.woowlish.com,N/A,N/A
https://www.ripndipclothing.com,http://facebook.com/ripndip,https://www.instagram.com/ripndip/?hl=en
https://www.shopdixi.com,https://www.facebook.com/shopdixidotcom,https://www.instagram.com/shopdixi/
https://www.pcgamingrace.com,https://www.facebook.com/pcgamingrace,https://www.instagram.com/gloriouspcgamingrace/
https://www.hygoshop.com,https://facebook.com/hygoshop,http://instagram.com/hygoshop
https://www.urbanexcess.com,https://www.facebook.com/urbanexcess,https://www.instagram.com/urbanexcess/
https://www.bungiestore.com,https://www.facebook.com/Bungie,https://www.instagram.com/bungiestore/
https://www.sewingo.com,https://www.facebook.com/sewingofans,https://www.instagram.com/sewin.go
https://www.vqfit.com,https://www.facebook.com/vqfitofficial,https://www.instagram.com/vqfit
https://www.headphonezone.in,https://www.facebook.com/HeadphoneZone,https://www.instagram.com/headphonezone/
https://www.culturekings.com.au,https://www.facebook.com/culturekings.com.au,https://www.instagram.com/culturekings
https://www.nixplay.com,https://www.facebook.com/nixplay.cloud,https://www.instagram.com/nixplaycloud/
https://www.blacktailor.store,https://www.facebook.com/blacktailor.store/,https://www.instagram.com/blacktailor.store/
https://www.quickmobilefix.com,https://www.facebook.com/QuickMobileFix,https://www.instagram.com/quickmobilefix/
https://www.themusiczoo.com,https://www.facebook.com/TheMusicZoo/,https://www.instagram.com/themusiczoo/
https://www.vincerowatches.com,https://www.facebook.com/vincerowatches,https://www.instagram.com/vincerowatches/
https://www.proozy.com,https://www.facebook.com/shopproozy/,https://www.instagram.com/shopproozy/
